Workbook

Sheet Tag
A1: Mã tag | B1: Nhóm | C1: Tên tag | D1: Từ đồng nghĩa | E1: Thứ tự | F1: SQL
A2: TAG-001 | B2: Loại sản phẩm | C2: Túi | D2: túi đựng phân, túi liền đế, túi rời | E2: 10 | F2: ="INSERT INTO medical_supply_tag (code, tag_group, name, synonyms, sort_order) VALUES ('"&A2&"', '"&B2&"', '"&C2&"', '"&SUBSTITUTE(D2,"'","''")&"', "&E2&");"
A3: TAG-002 | B3: Loại sản phẩm | C3: Đế | D3: đế rời, tấm đế, miếng đế | E3: 11 | F3: ="INSERT INTO medical_supply_tag (code, tag_group, name, synonyms, sort_order) VALUES ('"&A3&"', '"&B3&"', '"&C3&"', '"&SUBSTITUTE(D3,"'","''")&"', "&E3&");"
A4: TAG-003 | B4: Loại sản phẩm | C4: Bộ túi và đế | D4: bộ, combo, túi kèm đế | E4: 12 | F4: ="INSERT INTO medical_supply_tag (code, tag_group, name, synonyms, sort_order) VALUES ('"&A4&"', '"&B4&"', '"&C4&"', '"&SUBSTITUTE(D4,"'","''")&"', "&E4&");"
A5: TAG-004 | B5: Loại sản phẩm | C5: Phụ kiện | D5: bột, keo, kem, xịt tẩy keo, kẹp, dây đai, vòng bảo vệ da, kéo | E5: 13 | F5: ="INSERT INTO medical_supply_tag (code, tag_group, name, synonyms, sort_order) VALUES ('"&A5&"', '"&B5&"', '"&C5&"', '"&SUBSTITUTE(D5,"'","''")&"', "&E5&");"
A6: TAG-005 | B6: Hệ | C6: 1 mảnh | D6: một mảnh, túi liền đế | E6: 20 | F6: ="INSERT INTO medical_supply_tag (code, tag_group, name, synonyms, sort_order) VALUES ('"&A6&"', '"&B6&"', '"&C6&"', '"&SUBSTITUTE(D6,"'","''")&"', "&E6&");"
A7: TAG-006 | B7: Hệ | C7: 2 mảnh | D7: hai mảnh, túi và đế rời | E7: 21 | F7: ="INSERT INTO medical_supply_tag (code, tag_group, name, synonyms, sort_order) VALUES ('"&A7&"', '"&B7&"', '"&C7&"', '"&SUBSTITUTE(D7,"'","''")&"', "&E7&");"
A8: TAG-007 | B8: Chất thải | C8: Phân | D8: hậu môn nhân tạo, đại tràng, hồi tràng | E8: 30 | F8: ="INSERT INTO medical_supply_tag (code, tag_group, name, synonyms, sort_order) VALUES ('"&A8&"', '"&B8&"', '"&C8&"', '"&SUBSTITUTE(D8,"'","''")&"', "&E8&");"
A9: TAG-008 | B9: Chất thải | C9: Nước tiểu | D9: nước tiểu nhân tạo, niệu quản, tiết niệu | E9: 31 | F9: ="INSERT INTO medical_supply_tag (code, tag_group, name, synonyms, sort_order) VALUES ('"&A9&"', '"&B9&"', '"&C9&"', '"&SUBSTITUTE(D9,"'","''")&"', "&E9&");"
A10: TAG-009 | B10: Đối tượng | C10: Người lớn | D10: người già, người trưởng thành | E10: 40 | F10: ="INSERT INTO medical_supply_tag (code, tag_group, name, synonyms, sort_order) VALUES ('"&A10&"', '"&B10&"', '"&C10&"', '"&SUBSTITUTE(D10,"'","''")&"', "&E10&");"
A11: TAG-010 | B11: Đối tượng | C11: Trẻ em | D11: bé, em bé, con nhỏ, trẻ nhỏ | E11: 41 | F11: ="INSERT INTO medical_supply_tag (code, tag_group, name, synonyms, sort_order) VALUES ('"&A11&"', '"&B11&"', '"&C11&"', '"&SUBSTITUTE(D11,"'","''")&"', "&E11&");"
A12: TAG-011 | B12: Đối tượng | C12: Trẻ sơ sinh | D12: sơ sinh, bé mới sinh | E12: 42 | F12: ="INSERT INTO medical_supply_tag (code, tag_group, name, synonyms, sort_order) VALUES ('"&A12&"', '"&B12&"', '"&C12&"', '"&SUBSTITUTE(D12,"'","''")&"', "&E12&");"
A13: TAG-012 | B13: Độ trong | C13: Đục | D13: kín đáo, màu be, không nhìn thấy bên trong | E13: 50 | F13: ="INSERT INTO medical_supply_tag (code, tag_group, name, synonyms, sort_order) VALUES ('"&A13&"', '"&B13&"', '"&C13&"', '"&SUBSTITUTE(D13,"'","''")&"', "&E13&");"
... A18: TAG-017 | B18: Loại đế | C18: Đế lồi | D18: convex | E18: 71 | F18: ="INSERT INTO medical_supply_tag (code, tag_group, name, synonyms, sort_order) VALUES ('"&A18&"', '"&B18&"', '"&C18&"', '"&SUBSTITUTE(D18,"'","''")&"', "&E18&");"

Sheet Product Tag
A1: Mã sản phẩm | B1: Tên sản phẩm (rút gọn) | C1: Mã tag | D1: Nhóm | E1: Tên tag | F1: Độ tin cậy | G1: Căn cứ | H1: SQL
A2: PRODUCT-00074 | B2: [ConvaTec] Túi hậu môn nhân tạo 1 mảnh loại đục | C2: TAG-001 | D2: =IFERROR(INDEX(Tag!$B:$B,MATCH(C2,Tag!$A:$A,0)),"NOT FOUND") | E2: =IFERROR(INDEX(Tag!$C:$C,MATCH(C2,Tag!$A:$A,0)),"NOT FOUND") | F2: Chắc chắn | G2: Danh mục / tên sản phẩm | H2: ="INSERT INTO medical_supply_product_tag (product_code, tag_code) VALUES ('"&A2&"', '"&C2&"');"
A3: PRODUCT-00074 | B3: [ConvaTec] Túi hậu môn nhân tạo 1 mảnh loại đục | C3: TAG-005 | D3: =IFERROR(INDEX(Tag!$B:$B,MATCH(C3,Tag!$A:$A,0)),"NOT FOUND") | E3: =IFERROR(INDEX(Tag!$C:$C,MATCH(C3,Tag!$A:$A,0)),"NOT FOUND") | F3: Chắc chắn | G3: Danh mục: Túi/Đế HMNT 1 mảnh | H3: ="INSERT INTO medical_supply_product_tag (product_code, tag_code) VALUES ('"&A3&"', '"&C3&"');"
A4: PRODUCT-00074 | B4: [ConvaTec] Túi hậu môn nhân tạo 1 mảnh loại đục | C4: TAG-007 | D4: =IFERROR(INDEX(Tag!$B:$B,MATCH(C4,Tag!$A:$A,0)),"NOT FOUND") | E4: =IFERROR(INDEX(Tag!$C:$C,MATCH(C4,Tag!$A:$A,0)),"NOT FOUND") | F4: Chắc chắn | G4: Tên sản phẩm | H4: ="INSERT INTO medical_supply_product_tag (product_code, tag_code) VALUES ('"&A4&"', '"&C4&"');"
A5: PRODUCT-00074 | B5: [ConvaTec] Túi hậu môn nhân tạo 1 mảnh loại đục | C5: TAG-009 | D5: =IFERROR(INDEX(Tag!$B:$B,MATCH(C5,Tag!$A:$A,0)),"NOT FOUND") | E5: =IFERROR(INDEX(Tag!$C:$C,MATCH(C5,Tag!$A:$A,0)),"NOT FOUND") | F5: Suy đoán | G5: Mô tả không ghi đối tượng; mặc định người lớn | H5: ="INSERT INTO medical_supply_product_tag (product_code, tag_code) VALUES ('"&A5&"', '"&C5&"');"
A6: PRODUCT-00074 | B6: [ConvaTec] Túi hậu môn nhân tạo 1 mảnh loại đục | C6: TAG-012 | D6: =IFERROR(INDEX(Tag!$B:$B,MATCH(C6,Tag!$A:$A,0)),"NOT FOUND") | E6: =IFERROR(INDEX(Tag!$C:$C,MATCH(C6,Tag!$A:$A,0)),"NOT FOUND") | F6: Chắc chắn | G6: Tên: loại đục | H6: ="INSERT INTO medical_supply_product_tag (product_code, tag_code) VALUES ('"&A6&"', '"&C6&"');"
A7: PRODUCT-00074 | B7: [ConvaTec] Túi hậu môn nhân tạo 1 mảnh loại đục | C7: TAG-014 | D7: =IFERROR(INDEX(Tag!$B:$B,MATCH(C7,Tag!$A:$A,0)),"NOT FOUND") | E7: =IFERROR(INDEX(Tag!$C:$C,MATCH(C7,Tag!$A:$A,0)),"NOT FOUND") | F7: Suy đoán | G7: Mô tả: kẹp túi dùng lại nhiều lần | H7: ="INSERT INTO medical_supply_product_tag (product_code, tag_code) VALUES ('"&A7&"', '"&C7&"');"
A8: PRODUCT-00075 | B8: [ConvaTec] Túi hậu môn nhân tạo 1 mảnh trong suốt | C8: TAG-001 | D8: =IFERROR(INDEX(Tag!$B:$B,MATCH(C8,Tag!$A:$A,0)),"NOT FOUND") | E8: =IFERROR(INDEX(Tag!$C:$C,MATCH(C8,Tag!$A:$A,0)),"NOT FOUND") | F8: Chắc chắn | G8: Danh mục / tên sản phẩm | H8: ="INSERT INTO medical_supply_product_tag (product_code, tag_code) VALUES ('"&A8&"', '"&C8&"');"
A9: PRODUCT-00075 | B9: [ConvaTec] Túi hậu môn nhân tạo 1 mảnh trong suốt | C9: TAG-005 | D9: =IFERROR(INDEX(Tag!$B:$B,MATCH(C9,Tag!$A:$A,0)),"NOT FOUND") | E9: =IFERROR(INDEX(Tag!$C:$C,MATCH(C9,Tag!$A:$A,0)),"NOT FOUND") | F9: Chắc chắn | G9: Danh mục: Túi/Đế HMNT 1 mảnh | H9: ="INSERT INTO medical_supply_product_tag (product_code, tag_code) VALUES ('"&A9&"', '"&C9&"');"
A10: PRODUCT-00075 | B10: [ConvaTec] Túi hậu môn nhân tạo 1 mảnh trong suốt | C10: TAG-007 | D10: =IFERROR(INDEX(Tag!$B:$B,MATCH(C10,Tag!$A:$A,0)),"NOT FOUND") | E10: =IFERROR(INDEX(Tag!$C:$C,MATCH(C10,Tag!$A:$A,0)),"NOT FOUND") | F10: Chắc chắn | G10: Tên sản phẩm | H10: ="INSERT INTO medical_supply_product_tag (product_code, tag_code) VALUES ('"&A10&"', '"&C10&"');"
A11: PRODUCT-00075 | B11: [ConvaTec] Túi hậu môn nhân tạo 1 mảnh trong suốt | C11: TAG-009 | D11: =IFERROR(INDEX(Tag!$B:$B,MATCH(C11,Tag!$A:$A,0)),"NOT FOUND") | E11: =IFERROR(INDEX(Tag!$C:$C,MATCH(C11,Tag!$A:$A,0)),"NOT FOUND") | F11: Suy đoán | G11: Mô tả không ghi đối tượng; mặc định người lớn | H11: ="INSERT INTO medical_supply_product_tag (product_code, tag_code) VALUES ('"&A11&"', '"&C11&"');"
A12: PRODUCT-00075 | B12: [ConvaTec] Túi hậu môn nhân tạo 1 mảnh trong suốt | C12: TAG-013 | D12: =IFERROR(INDEX(Tag!$B:$B,MATCH(C12,Tag!$A:$A,0)),"NOT FOUND") | E12: =IFERROR(INDEX(Tag!$C:$C,MATCH(C12,Tag!$A:$A,0)),"NOT FOUND") | F12: Chắc chắn | G12: Tên: trong suốt | H12: ="INSERT INTO medical_supply_product_tag (product_code, tag_code) VALUES ('"&A12&"', '"&C12&"');"
A13: PRODUCT-00075 | B13: [ConvaTec] Túi hậu môn nhân tạo 1 mảnh trong suốt | C13: TAG-014 | D13: =IFERROR(INDEX(Tag!$B:$B,MATCH(C13,Tag!$A:$A,0)),"NOT FOUND") | E13: =IFERROR(INDEX(Tag!$C:$C,MATCH(C13,Tag!$A:$A,0)),"NOT FOUND") | F13: Suy đoán | G13: Mô tả: kẹp túi dùng lại nhiều lần | H13: ="INSERT INTO medical_supply_product_tag (product_code, tag_code) VALUES ('"&A13&"', '"&C13&"');"
... A168: PRODUCT-00300 | B168: [Hollister] Vòng bảo vệ da chống loét hậu môn nhân tạo (Mẫu 7806) | C168: TAG-004 | D168: =IFERROR(INDEX(Tag!$B:$B,MATCH(C168,Tag!$A:$A,0)),"NOT FOUND") | E168: =IFERROR(INDEX(Tag!$C:$C,MATCH(C168,Tag!$A:$A,0)),"NOT FOUND") | F168: Chắc chắn | G168: Danh mục: Phụ kiện chăm sóc HMNT | H168: ="INSERT INTO medical_supply_product_tag (product_code, tag_code) VALUES ('"&A168&"', '"&C168&"');"
